class_id,class_name,count,ratio
0,malignant,212,0.37258347978910367
1,benign,357,0.6274165202108963
