Model,Accuracy,Precision,Recall,F1-Score
Logistic Regression (Baseline),0.9385964912280702,0.926829268292683,0.9047619047619048,0.9156626506024096
MLP + Early Stopping,0.9649122807017544,0.9318181818181818,0.9761904761904762,0.9534883720930233
